city,district,apartment_price_per_m2,villa_price_per_m2
"Agadir","Abattoir",12504,4094
"Agadir","Aeroport Militaire Etat Major",7992,-
"Agadir","Afoulki",8567,26695
"Agadir","Agadir Oufella",18999,-
"Agadir","Aghroud",6783,8831
"Agadir","Ait El Moudden",9245,-
"Agadir","Ait Taoukte",9050,-
"Agadir","Akhlij",8542,-
"Agadir","Al Farah",8606,11180
"Agadir","Al Fidia",11288,12051
"Agadir","Al Houda",9098,12464
"Agadir","Al Inbiaat",14449,-
"Agadir","Al Massira",9207,-
"Agadir","Al Qods",8781,-
"Agadir","Al Wafaa",8219,-
"Agadir","Al Wifaq",18481,11754
"Agadir","Al Wifaq",27551,11045
"Agadir","Al Yousser",7485,-
"Agadir","Amsernate",9032,12061
"Agadir","Anza",10504,-
"Agadir","Assais - Hay Laarab",8113,-
"Agadir","Assaka",7888,10680
"Agadir","Baadi",8992,-
"Agadir","Bensergao",6916,10504
"Agadir","Bouargane",9143,-
"Agadir","Boutchakat",12407,-
"Agadir","Chems Agadir",-,-
"Agadir","Cite Adrar",7303,-
"Agadir","Cite Charaf",14302,19376
"Agadir","Cite Mohammadi",9179,12958
"Agadir","Cite Suisse",18032,10167
"Agadir","Dakhla",9192,9207
"Agadir","Dakhla Extension",8852,9675
"Agadir","Douar Souiri",7665,-
"Agadir","El Hajeb",5591,10680
"Agadir","El Khyam",9858,-
"Agadir","Ennahda",11362,11404
"Agadir","Founty",16474,16249
"Agadir","Haut Anza",4993,-
"Agadir","Haut Founty",12378,14705
"Agadir","Hay Amzile",10306,10466
"Agadir","Ighil Ouderdour",9245,-
"Agadir","Iligh",-,9982
"Agadir","Inchach",9195,-
"Agadir","Les Amicales",11814,-
"Agadir","Najah",10673,9831
"Agadir","Nouveau Pole Urbain",-,-
"Agadir","Port",25053,-
"Agadir","Riad Salam",12659,3923
"Agadir","Salam",8602,6660
"Agadir","Sidi Youssef",8755,-
"Agadir","Tadamoune",8056,7119
"Agadir","Taddart",12679,12319
"Agadir","Taddarte",10632,-
"Agadir","Talborjt",13410,9025
"Agadir","Tildi",-,-
"Agadir","Tilila",8474,10432
"Agadir","Zaytoune",7651,9671
"Agadir","Zone Pepinieres",-,-
"Agadir","Zone Touristique",26816,4389
"Ain Harrouda","Centre Ville",6136,-
"Ain Harrouda","De La Ferme",12480,-
"Ain Harrouda","Douar El Hajjar",-,-
"Ain Harrouda","Douar Hassan Zenata",-,-
"Ain Harrouda","Douar Lhaj Lamlih",-,-
"Ain Harrouda","Dyar Al Mansour",4998,-
"Ain Harrouda","Harbili",5798,5262
"Ain Harrouda","Hay Al Amal",5803,-
"Ain Harrouda","Hay Amlak Bernoussi",6856,-
"Ain Harrouda","Hay Dakhela",-,-
"Ain Harrouda","Hay Massira",5496,-
"Ain Harrouda","Lotissement Zhar",7684,-
"Ain Harrouda","Paloma",6136,-
"Ain Harrouda","Plage De Petite Zenata",-,-
"Ain Harrouda","Plage Grand Zenata",-,-
"Ain Harrouda","Sidi Ahmed Ben Yechou",11217,-
"Ain Harrouda","Zenata City",5659,-
"Ain Harrouda","Zone Industrielle Zenata",7178,4640
"Ait Melloul","Agdal",6598,5432
"Ait Melloul","Ait Oujrar",5727,-
"Ait Melloul","Al Mazar",6980,10235
"Ait Melloul","Argana",6803,12053
"Ait Melloul","Azrou",5769,-
"Ait Melloul","Cite Al Massira",5832,-
"Ait Melloul","El Khattarate",5719,-
"Ait Melloul","Elmoustakbal",6306,-
"Ait Melloul","Hay Batah",7162,24371
"Ait Melloul","Kasbah El Taher",8275,-
"Ait Melloul","Lharch",7403,-
"Ait Melloul","Sidi Mimoun",6481,-
"Ait Melloul","Tamazart",6684,7117
"Ait Melloul","Thomo",6421,-
"Ait Melloul","Yassmina",6816,-
"Al Hoceima","Bades",6365,8668
"Al Hoceima","Barrio Haddou",4895,9789
"Al Hoceima","Boujibar",6104,16590
"Al Hoceima","Cala Bonita",5397,-
"Al Hoceima","Hay Assalam",11112,9863
"Al Hoceima","Hay El Manzah",6960,9789
"Al Hoceima","Hay Roumane",8085,8841
"Al Hoceima","Hay Sabadia",9968,9789
"Al Hoceima","Iger Azegouagh",7744,11877
"Al Hoceima","Marmuca",-,-
"Al Hoceima","Mirador Haut",7413,9789
"Al Hoceima","Morro Viejo",10365,-
"Al Hoceima","Sidi Abid",7564,-
"Al Hoceima","Sidi Abid Extension",5311,-
"Al Hoceima","Sidi Mansour",-,-
"Al Hoceima","Sraghna",-,-
"Al Hoceima","Tighanimine",6313,-
"Azemmour-Haouzia","Boulvard Boujdour",5195,-
"Azemmour-Haouzia","Derb Daira",5864,-
"Azemmour-Haouzia","Derb El Feran",4683,-
"Azemmour-Haouzia","Douar Drao",-,-
"Azemmour-Haouzia","Douar El Gharbia",8239,2357
"Azemmour-Haouzia","El Wifaq",4739,-
"Azemmour-Haouzia","Foret Adir",16316,-
"Azemmour-Haouzia","Foret De Haouzia",6338,4754
"Azemmour-Haouzia","Foret Pullman",-,19114
"Azemmour-Haouzia","Haouzia",-,-
"Azemmour-Haouzia","Hay El Amal",4833,4003
"Azemmour-Haouzia","Hay Oum Rabie",4853,-
"Azemmour-Haouzia","Lotissement Al Qods",4570,7746
"Azemmour-Haouzia","Lotissement Ben Chakroune",5417,-
"Azemmour-Haouzia","Lotissement Ezzahra",4935,-
"Azemmour-Haouzia","Lotissement Jnane Azemmour",5274,-
"Azemmour-Haouzia","Route Jorf Lasfar",6244,-
"Ben Guerir","Cite Universitaire",-,-
"Ben Guerir","Complexe Culturel 2",-,-
"Ben Guerir","Douar Abdeltif Bouhal",-,-
"Ben Guerir","Douar El Kheiss",-,-
"Ben Guerir","Hay Al Amal",5096,-
"Ben Guerir","Hay Al Farah",-,-
"Ben Guerir","Hay Al Jadid",5131,-
"Ben Guerir","Hay Al Majd",-,-
"Ben Guerir","Hay Al Riyad",4217,-
"Ben Guerir","Hay Chabate Al Gharbia",-,-
"Ben Guerir","Hay Chaibat",3767,-
"Ben Guerir","Hay El Farah",5007,-
"Ben Guerir","Hay Ennasr",4990,7344
"Ben Guerir","Hay Haut Ifriquia",-,-
"Ben Guerir","Hay Moulay Rachid",-,-
"Ben Guerir","Hay Rachad",-,-
"Ben Guerir","Hay Takkadoum",-,-
"Ben Guerir","Hay Warda",-,5097
"Ben Guerir","Hay Zaouiya Derkaouia",4946,-
"Ben Guerir","Lotissement El Fadl",-,-
"Ben Guerir","Lotissement Ennakhil",-,-
"Ben Guerir","Lotissement Jnane El Kheir",4809,-
"Ben Guerir","Nouaji",-,-
"Ben Guerir","Route Regionale Kelaa",-,-
"Ben Guerir","Tamenyarte",-,-
"Ben Guerir","Ville Mohamed Vi",-,-
"Béni Mellal","Ain El Ghazi",3733,-
"Béni Mellal","Ait Tisslit",5202,-
"Béni Mellal","Al Adarissa",5732,7131
"Béni Mellal","Assefet Serhani",5378,-
"Béni Mellal","Bab Ftouh",5610,-
"Béni Mellal","Dar Debagh",-,-
"Béni Mellal","Douar Ourabiee",4551,7552
"Béni Mellal","El Harboulia",4774,-
"Béni Mellal","El Massira",5424,-
"Béni Mellal","El Massira",24980,6690
"Béni Mellal","Hay Al Amria",5603,-
"Béni Mellal","Hay Annasr Bouachouch",-,-
"Béni Mellal","Hay Atlas",5537,4761
"Béni Mellal","Hay Byad Essoumaa",-,-
"Béni Mellal","Hay El Houda",5275,-
"Béni Mellal","Hay Menzah",4992,-
"Béni Mellal","Hay Miftah",5339,5556
"Béni Mellal","Jnan Taher",6083,7018
"Béni Mellal","La Cite Universitaire",-,-
"Béni Mellal","Laggaichia",5272,6191
"Béni Mellal","Les Oranges",6042,6340
"Béni Mellal","Mghila",5045,-
"Béni Mellal","Ouled Ayad Ouled Atto",4778,8296
"Béni Mellal","Riad Salam",5684,7038
"Béni Mellal","Tifrit",6388,9231
"Béni Mellal","Zone Industrielle De Beni Mellal",5408,-
"Benslimane","Al Farah",-,-
"Benslimane","Al Filine",4246,5982
"Benslimane","Avenue Princesse Lalla Aicha",14960,1628
"Benslimane","Centre Ville",4358,3494
"Benslimane","Chems El Madina",4523,1739
"Benslimane","Cite Anazha",-,4192
"Benslimane","Ferme Ould Nassria",-,-
"Benslimane","Foret De Benslimane",-,-
"Benslimane","Hay Adrab",4464,-
"Benslimane","Hay Al Hassani",9155,-
"Benslimane","Hay Al Mohammadi",4844,-
"Benslimane","Hay Assalam - Sofal",3398,3851
"Benslimane","Hay El Qods",4471,-
"Benslimane","Hay Karim",4197,-
"Benslimane","Hay Nejma",5641,-
"Benslimane","Lalla Meryem",3918,4538
"Benslimane","Les Chenes",4359,4186
"Benslimane","Lotissement Najmat Benslimane",3142,-
"Benslimane","Moualine El Ghaba",-,-
"Benslimane","Oasis",4165,4381
"Benslimane","Ricoflores",6387,5099
"Benslimane","Royal Golf",4967,3219
"Benslimane","Sakhrate Ennemra",-,-
"Benslimane","Zone Industrielle Benslimane",-,-
"Berkane","Derkaoui Houmad",8049,-
"Berkane","Douar Ouled Jaber",-,-
"Berkane","Hay Al Amal",4285,-
"Berkane","Hay Al Karam",5044,6607
"Berkane","Hay Al Qods",5243,-
"Berkane","Hay Andalous",3755,-
"Berkane","Hay Bouhdila",5409,-
"Berkane","Hay Chams",-,-
"Berkane","Hay Dakhela",5265,-
"Berkane","Hay Douar El Mika Zalaka",4406,-
"Berkane","Hay El Massira",4516,-
"Berkane","Hay Errachad",4788,-
"Berkane","Hay Hassani",6882,-
"Berkane","Hay Lalla Rkia",-,-
"Berkane","Hay Laymoun",5183,5218
"Berkane","Hay Mohammadi El Makteb",3581,-
"Berkane","Hay Moukawama",-,-
"Berkane","Hay Rami",-,-
"Berkane","Hay Riad",5337,-
"Berkane","Hay Salem",7994,2872
"Berkane","Hay Widadiya",8173,-
"Berkane","Jnane Zitoune",5568,11677
"Berkane","Lotissement Ennassim",3497,-
"Berkane","Lotissement Khaiber",-,-
"Berrechid","Al Faraj",4660,4262
"Berrechid","Anassi",3720,3847
"Berrechid","Ben Driss",4265,-
"Berrechid","Derb Jdid",4989,-
"Berrechid","Errabii",4666,-
"Berrechid","Hay El Raha",5105,1729
"Berrechid","Hay Tissir",4567,-
"Berrechid","Layali",6084,4708
"Berrechid","Lotissement Adouz",4455,-
"Berrechid","Lotissement Al Kebaj",4873,-
"Berrechid","Lotissement Arsat Chaouia",3682,-
"Berrechid","Lotissement El Karam",5982,-
"Berrechid","Lotissement Oumnia",4600,-
"Berrechid","Lotissement Regraga",5382,4574
"Berrechid","Lotissement Samira",5145,5308
"Berrechid","Zone Industrielle De Berrechid",4379,12752
"Bni Yakhlef","Ain Tekki",-,-
"Bni Yakhlef","Al Fath",5405,-
"Bni Yakhlef","Berghout",-,-
"Bni Yakhlef","Diyar Al Alia",5127,-
"Bni Yakhlef","Douar Al Mhairchat",-,5711
"Bni Yakhlef","Douar Bni Mghid",6066,-
"Bni Yakhlef","Douar Ouled Sidi Azzouz",-,-
"Bni Yakhlef","Douar Sbai",-,-
"Bni Yakhlef","Douar Sidi Abbad",5464,-
"Bni Yakhlef","Hay Al Fath",9238,-
"Bni Yakhlef","Hay Al Mohammadi",-,-
"Bni Yakhlef","Lotissement Al Andalous",5419,-
"Bni Yakhlef","Lotissement Malak",6867,-
"Bni Yakhlef","Lotissement Morbiha",6742,4414
"Bni Yakhlef","Lotissement Wifaq",6366,4486
"Bni Yakhlef","Massaoudi",-,5711
"Bni Yakhlef","Menzah Fedala - Alliances Darna",5507,-
"Bni Yakhlef","Oulad Moumen",4343,-
"Bni Yakhlef","Riad Louizia",5253,-
"Bni Yakhlef","Route Louizia",6699,2388
"Bouskoura","Bouskoura (Bir Abdallah)",12952,18758
"Bouskoura","Douar Lamzabiyenne",5832,7834
"Bouskoura","Dyar Dakhama",-,8722
"Bouskoura","Foret De Bouskoura",6275,11477
"Bouskoura","Lahouami",6261,6511
"Bouskoura","Parc Industriel Cfcim",7597,5132
"Bouskoura","Riad Bouskoura",13516,5865
"Bouskoura","Victoria",8248,3328
"Bouskoura","Ville Verte",15219,10473
"Bouznika","Al Wouroud",6756,-
"Bouznika","Bouznika Bay",8578,5189
"Bouznika","Eden Island",10572,7819
"Bouznika","El Kheir",6189,-
"Bouznika","Essalam",5537,4639
"Bouznika","Hay Amal",7659,4964
"Bouznika","Hay Ghita",6243,-
"Bouznika","Hay Nbichat",8600,-
"Bouznika","Hay Riad",6723,-
"Bouznika","Hay Salim",6982,4202
"Bouznika","Jnan El Baraka",7321,6359
"Bouznika","Les Perles De Bouznika",6385,-
"Bouznika","Moulay Driss",6651,-
"Bouznika","Oulad Mahjouba",5778,-
"Bouznika","Plage Oued Cherrat",12696,5688
"Bouznika","Zone Industrielle",-,-
"Casablanca","Ain Chock",8123,7136
"Casablanca","Ain Diab",24520,10191
"Casablanca","Ain Diab Extension",25937,7195
"Casablanca","Ain Sebaa",9127,5871
"Casablanca","Al Azhar",6207,-
"Casablanca","Al Osra",8785,8960
"Casablanca","Almaz (Hay Hassani)",10556,9689
"Casablanca","Almostakbal",8405,7529
"Casablanca","Alsace Loraine",9015,7658
"Casablanca","Anassi",6201,7951
"Casablanca","Ancienne Medina",15493,3314
"Casablanca","Anfa Superieur",25701,10107
"Casablanca","Aviateur",7436,-
"Casablanca","Azhar Oulfa",6560,6382
"Casablanca","Azhar Oulfa",26501,1297
"Casablanca","Bachkou",12782,8278
"Casablanca","Beausejour",14918,8931
"Casablanca","Beausite",7915,8434
"Casablanca","Belvedere (Roches Noires)",10685,6689
"Casablanca","Belvedere (Sidi Belyout)",17021,-
"Casablanca","Benmsick",7784,3493
"Casablanca","Bourgogne (Anfa)",13738,9624
"Casablanca","Bourgogne (Sidi Belyout)",13212,6299
"Casablanca","Bournazil",7225,-
"Casablanca","Burger",12766,15558
"Casablanca","Californie",15002,7108
"Casablanca","Casa Nearshore",7035,6460
"Casablanca","Casablanca Finance City",19018,8135
"Casablanca","Casablanca Marina",21688,14391
"Casablanca","Chantilly (Hippodrome)",-,8121
"Casablanca","Chouhada",7666,-
"Casablanca","Cil",16300,9562
"Casablanca","Derb Al Kabir",5697,-
"Casablanca","Derb Ghalef",12534,9704
"Casablanca","Derb Omar",8938,8315
"Casablanca","Derb Sultan",7829,6047
"Casablanca","Douar Drabna",11536,9591
"Casablanca","El Hank",18123,9729
"Casablanca","Facultes - Route D'El Jadida",17659,-
"Casablanca","Ferme Bretonne",17462,13537
"Casablanca","Fida",8448,5017
"Casablanca","Florida - Mandarona",8947,8833
"Casablanca","Fonciere",9816,-
"Casablanca","Franceville",13455,7220
"Casablanca","Gauthier",15316,13050
"Casablanca","Habbous",12403,6895
"Casablanca","Hay Hassani",8963,4073
"Casablanca","Hay Mohammadi",7618,4741
"Casablanca","Hay Mohammadi (Ain Sebaa)",6381,-
"Casablanca","Hopitaux",13830,8824
"Casablanca","Ibn Tachfine",9655,5572
"Casablanca","Inara",11122,8604
"Casablanca","La Colline",13073,6181
"Casablanca","La Gironde",10313,7648
"Casablanca","La Villette",8705,-
"Casablanca","Lahraouine (Sidi Othmane)",5880,-
"Casablanca","Laymoune",11003,7438
"Casablanca","Lekrimat",11862,6840
"Casablanca","Lemkansa",8237,7242
"Casablanca","Les Casernes",-,-
"Casablanca","Les Princesses",16188,14685
"Casablanca","Liberte",10483,6464
"Casablanca","Lissasfa",7260,8817
"Casablanca","Longchamps",13047,9182
"Casablanca","Lusitania",12838,13896
"Casablanca","Maarif",13951,9898
"Casablanca","Maarif Extension",12914,13257
"Casablanca","Mandarouna",11965,6897
"Casablanca","Mers Sultan",12285,7151
"Casablanca","Moulay Rachid",6080,4660
"Casablanca","Moulay Youssef",8832,8445
"Casablanca","Nassim",6392,8172
"Casablanca","Oasis",17306,9049
"Casablanca","Ouled Ziane",7367,-
"Casablanca","Oulfa",11249,7230
"Casablanca","Palmier (Maarif)",16539,10380
"Casablanca","Palmier (Sidi Belyout)",8226,-
"Casablanca","Plateau",16502,8537
"Casablanca","Polo (Ain Chok)",14464,5996
"Casablanca","Polo (Maarif)",9299,6032
"Casablanca","Racine",15884,9874
"Casablanca","Roches Noires",9583,5616
"Casablanca","Sbata",7155,-
"Casablanca","Sidi Abderrahman",14243,7263
"Casablanca","Sidi Abderrahman Extension",-,13058
"Casablanca","Sidi Bernoussi",7502,5820
"Casablanca","Sidi El Khadir",6667,11100
"Casablanca","Sidi Maarouf",9312,8197
"Casablanca","Sidi Messaoud",12820,8258
"Casablanca","Sidi Moumen",6327,4521
"Casablanca","Sidi Othmane",6529,-
"Casablanca","Sindibad",16184,8965
"Casablanca","Triangle D'Or",18178,29410
"Casablanca","Val Fleuri",13297,9271
"Casablanca","Yasmina",8951,24094
"Casablanca","Zone Industrielle Ain Sebaa",9194,5508
"Casablanca","Zone Industrielle Sbata",-,-
"Casablanca","Ain Harrouda",5657,9675
"Casablanca","Ait Melloul",-,-
"Casablanca","Al Hoceima",-,-
"Casablanca","Azemmour-Haouzia",-,-
"Casablanca","Ben Guerir",-,-
"Casablanca","Béni Mellal",-,-
"Casablanca","Benslimane",5000,6006
"Casablanca","Berkane",-,-
"Casablanca","Berrechid",4798,7003
"Casablanca","Bni Yakhlef",4326,4482
"Casablanca","Bouskoura",4383,13274
"Casablanca","Bouznika",6318,9151
"Casablanca","Casablanca",7054,13879
"Casablanca","Dakhla",-,-
"Casablanca","Dar Bouazza",-,-
"Casablanca","Dcheira El Jihadia",-,-
"Casablanca","El Jadida",5383,6402
"Casablanca","Errachidia",-,-
"Casablanca","Essaouira",6045,12058
"Casablanca","Fès",4610,6359
"Casablanca","Fnideq",-,-
"Casablanca","Guelmim",-,-
"Casablanca","Harhoura",11211,9981
"Casablanca","Ifrane",-,-
"Casablanca","Inezgane",-,-
"Casablanca","Kénitra",5714,6317
"Casablanca","Khémisset",-,-
"Casablanca","Khénifra",-,-
"Casablanca","Khouribga",4902,6541
"Casablanca","Laâyoune",-,-
"Casablanca","Larache",-,-
"Casablanca","M'Diq",8174,8322
"Casablanca","Marrakech",5683,5310
"Casablanca","Martil",5833,12893
"Casablanca","Médiouna",4679,5828
"Casablanca","Mehdya",4963,6830
"Casablanca","Meknès",4537,5896
"Casablanca","Mohammédia",8192,7144
"Casablanca","Nador",-,-
"Casablanca","Nouaceur",4829,12402
"Casablanca","Ouarzazate",-,-
"Casablanca","Oujda",-,-
"Casablanca","Rabat",12919,9283
"Casablanca","Safi",5000,4103
"Casablanca","Salé",6423,9024
"Casablanca","Sefrou",-,-
"Casablanca","Settat",4184,5914
"Casablanca","Sidi Rahal",5996,7075
"Casablanca","Skhirate",5598,4435
"Casablanca","Soualem",4612,5367
"Casablanca","Taghazout-Aourir",13456,6076
"Casablanca","Tahannaout",-,-
"Casablanca","Tanger",5525,7619
"Casablanca","Taza",-,-
"Casablanca","Témara",7096,10425
"Casablanca","Tétouan",5447,10269
"Casablanca","Tiznit",-,-
"Dar Bouazza","Errahma",6069,7957
"Dar Bouazza","Ouled Ahmed",5264,-
"Dar Bouazza","Tamaris1",10548,7580
"Dar Bouazza","Tamaris2",11436,7707
"Dcheira El Jihadia","Bouachra",7142,13415
"Dcheira El Jihadia","Cite Faiz",7688,-
"Dcheira El Jihadia","Cite Annahda",7519,-
"Dcheira El Jihadia","Cite Igroumai",6770,-
"Dcheira El Jihadia","Dchiera",7848,8394
"Dcheira El Jihadia","El Jihadiya",6006,9821
"Dcheira El Jihadia","Fadesa - Tafoukt",7255,3318
"Dcheira El Jihadia","Hay Al Amane",7159,9684
"Dcheira El Jihadia","Hay Ihssane",10079,-
"Dcheira El Jihadia","La Pergola",7153,-
"Dcheira El Jihadia","Rouchdi",8113,-
"Dcheira El Jihadia","Tassila",7543,6395
"El Jadida","Al Boustane",7186,8100
"El Jadida","Bennani",5412,6613
"El Jadida","Ber Anzaran",6082,-
"El Jadida","Californie",8073,8468
"El Jadida","Cap De Mazagan",5254,4146
"El Jadida","Cite Portugaise",7902,-
"El Jadida","Derb El Berkaoui",6421,6412
"El Jadida","Derb Lahona",5335,-
"El Jadida","Derb Sidi Daoui",5799,6330
"El Jadida","El Ghazoua",6872,8275
"El Jadida","El Ghorba",6484,-
"El Jadida","El Manar",5254,-
"El Jadida","Essada",5130,8707
"El Jadida","Ezzouhour",4651,9812
"El Jadida","Hay Amal",5066,6838
"El Jadida","Hay Salam",5489,7791
"El Jadida","Jaouhara",5248,6008
"El Jadida","Khalil Jabran",5620,11761
"El Jadida","Kodiat Ben Driss Al Qods",6876,6805
"El Jadida","Lalla Zahra",5441,-
"El Jadida","Medina",5494,2438
"El Jadida","Melk Cheikh",5144,6353
"El Jadida","Mouilha",6369,-
"El Jadida","Najd",5543,8237
"El Jadida","Nassim",5485,4476
"El Jadida","Plateau",6012,5117
"El Jadida","Sidi Moussa",5925,8506
"El Jadida","Zone Industrielle D'El Jadida",4220,-
"El Jadida","Zone Touristique",8731,7171
"Errachidia","Ait Ba Mouha",-,-
"Errachidia","Al Qods",-,2252
"Errachidia","Ancienne Targa",-,-
"Errachidia","Azemour",-,-
"Errachidia","Boussouf",-,-
"Errachidia","Boutalamine",-,6908
"Errachidia","Cite Amezouj",4948,-
"Errachidia","Cite Chaaba",4139,-
"Errachidia","Cite Ormvat",-,-
"Errachidia","Cite Universitaire",-,-
"Errachidia","El Massira",4854,-
"Errachidia","Ksar Oulitguir",5206,-
"Errachidia","Labita",3632,-
"Errachidia","Lotissement Ain Al Ati",5163,-
"Errachidia","Lotissement Al Amane",-,-
"Errachidia","Lotissement Al Baladiya",-,-
"Errachidia","Lotissement Monperam",-,-
"Errachidia","Lotissement Oued Eddahab",-,3943
"Errachidia","Lotissement Safaa",-,-
"Errachidia","Mohit",4207,3455
"Errachidia","Moulay Ali Cherif",5372,5105
"Errachidia","Ouled El Haj",4157,3665
"Errachidia","Targa",-,-
"Errachidia","Villat",-,3408
"Essaouira","Amal",6268,-
"Essaouira","Argana",-,6906
"Essaouira","Azlef",8180,-
"Essaouira","Boulevard Mohammed V",7704,11311
"Essaouira","Des Dunes",15251,8087
"Essaouira","El Borj",7989,-
"Essaouira","El Menzeh",7476,-
"Essaouira","Erraounak",8573,13158
"Essaouira","Frina",-,-
"Essaouira","Jrayfat",6125,-
"Essaouira","Kasbah",16285,4938
"Essaouira","La Lagune",7153,-
"Essaouira","Lotissement",47733,4560
"Essaouira","Medina",8914,-
"Essaouira","Nouvelle Ville",6822,12549
"Essaouira","Skala",6764,-
"Essaouira","Tafoukte",6010,-
"Fès","Ain Amiyer",5054,3911
"Fès","Ain Haroun",3414,-
"Fès","Ain Noqbi",3661,2990
"Fès","Ain Qadous",4374,2238
"Fès","Al Adarissa",4172,4459
"Fès","Al Jawahir",4282,-
"Fès","Al Marja",4022,8133
"Fès","Al Mourabitine",4000,7009
"Fès","Bab Jdid",-,-
"Fès","Bel Khyat",2812,-
"Fès","Ben Debbab",3548,-
"Fès","Ben Slimane",3329,-
"Fès","Ben Souda",3855,-
"Fès","Bourmana",5796,4766
"Fès","Californie",11007,7328
"Fès","Chaimae",4079,9085
"Fès","Des Potiers",3272,-
"Fès","Dhar Lakhmis",3500,7112
"Fès","Dhar Mehraz",3948,2787
"Fès","Douar El Magta",-,-
"Fès","Douar Elberkani",-,-
"Fès","Douar Lawdaya",-,-
"Fès","El Mokhfia",6690,-
"Fès","Errayhan",4647,6949
"Fès","Fes El Jdid",4131,-
"Fès","Hay Agadir",3814,-
"Fès","Hay Ait Skato",5428,6933
"Fès","Hay Al Farah",4212,6756
"Fès","Hay Al Wafaa",3537,6405
"Fès","Hay Al Wifaq",2530,-
"Fès","Hay Anas",4918,6427
"Fès","Hay Atlas",5148,4753
"Fès","Hay Badr",5131,5526
"Fès","Hay El Hadika",4398,6699
"Fès","Hay Essada",4409,7327
"Fès","Hay Gryou",3926,-
"Fès","Hay Hassani",5332,8450
"Fès","Hay Karim Amrani",4194,-
"Fès","Hay Lalla Soukayna",4456,8012
"Fès","Hay Massira",3630,-
"Fès","Hay Mohammadi",5003,-
"Fès","Hay Riad",4095,-
"Fès","Hay Sidi Boudhar",4155,-
"Fès","Hay Tarik",3988,5239
"Fès","Hay Tazi",4291,-
"Fès","Hay Tghat",4568,7119
"Fès","Jbel Tghat",-,-
"Fès","Jnanat",3569,-
"Fès","Jnane Ad-Dar",3409,-
"Fès","Kasbat Nour",-,-
"Fès","Keddan",4138,-
"Fès","Labeta",4289,6119
"Fès","Lido",4316,2878
"Fès","Mellah",3094,-
"Fès","Menzeh Saiss",3989,5022
"Fès","Mont Fleuri",4193,5631
"Fès","Narjiss",4470,9832
"Fès","Oliverie",3733,-
"Fès","Oued Bou Fekhane",3426,-
"Fès","Oued Fes",4546,5478
"Fès","Oued Fes Extension",4963,7392
"Fès","Quods",4975,5752
"Fès","Rachidia",5344,7764
"Fès","Rhabet Zbib",5138,-
"Fès","Route Immouzere",5565,5437
"Fès","Sbai",4159,-
"Fès","Sehb Elward",2790,-
"Fès","Sehrij Gnawa",3460,-
"Fès","Talaa",4765,8189
"Fès","Ville Nouvelle",7133,7988
"Fès","Zekak Eroumane",15804,3595
"Fès","Zohour",4740,8097
"Fès","Zone Industrielle Ain Chkef",-,9939
"Fès","Zone Industrielle Bensouda",5700,-
"Fès","Zouagha",3612,-
"Fès","Zouagha Bas",3964,5073
"Fnideq","Al Azfa",8404,-
"Fnideq","Alcudia Smir",10263,11607
"Fnideq","Bab Sebta",6971,-
"Fnideq","Ben Diban",5101,-
"Fnideq","Centre Ville",7368,-
"Fnideq","Haidar",9036,-
"Fnideq","Hay Al Batiyo",6449,15927
"Fnideq","Hay Chabar",-,-
"Fnideq","Hay Rass Louta",8147,3842
"Fnideq","Hay Sidi Boughaba",8147,-
"Fnideq","Khandak Zaytoune",6759,11195
"Fnideq","Kondisa",5316,-
"Guelmim","Ain Jribia",-,-
"Guelmim","Amhirich",7221,-
"Guelmim","El Qouds",-,-
"Guelmim","Hay Al Filaha",-,-
"Guelmim","Hay Cham",-,-
"Guelmim","Hay El Fila",-,-
"Guelmim","Hay El Mouahiddine",-,-
"Guelmim","Hay Essalam",-,-
"Guelmim","Hay Ibn Rochd",-,-
"Guelmim","Hay Kasbah",-,-
"Guelmim","Hay Lalla Hasna",-,-
"Guelmim","Hay Lalla Meriem",-,-
"Guelmim","Hay Massira",-,-
"Guelmim","Hay Nkhilat",-,-
"Guelmim","Hay Oued Noun",7703,-
"Guelmim","Hay Raja Fallah",5230,-
"Guelmim","Hay Rzama",7696,-
"Guelmim","Hay Sidi El Ghazi",5093,-
"Guelmim","Hay Tayret",-,-
"Guelmim","Hay Touaghil",-,-
"Guelmim","Lotissement Al Amane",-,10766
"Guelmim","Lotissement El Waha",17948,-
"Guelmim","Lotissement Ibtissam",-,-
"Harhoura","Casino",14771,7297
"Harhoura","Harhoura Centre",13804,9225
"Harhoura","Harhoura Extension",12380,9688
"Harhoura","Lotissement Bethouven",14196,9045
"Harhoura","Sable D'Or",-,8443
"Harhoura","Sid El Abed",-,7594
"Harhoura","Val D'Or",-,7614
"Ifrane","Biranzarane",7581,-
"Ifrane","Boulvard Mohammed Vi",8991,4799
"Ifrane","Cite Al Akhawaine",8931,7196
"Ifrane","Club Onicl",-,-
"Ifrane","Famille Francaise",6118,4910
"Ifrane","Foret Royal",11673,3356
"Ifrane","Hay Riyad",9112,4769
"Ifrane","Hay Salam",7245,7093
"Ifrane","La Belle Vue",10411,5945
"Ifrane","La Prairie",-,2365
"Ifrane","Les Jardins D'Ifrane",6641,-
"Ifrane","Lotissement En Phase D'Amenagement",5044,-
"Ifrane","Oued Tizguit",-,-
"Ifrane","Public Camping",9023,-
"Ifrane","Residence Al Arz",8140,10955
"Ifrane","Universite Al Akhawaine",-,-
"Inezgane","Avenue Al Hoceima",10281,-
"Inezgane","Elmouadafin",8901,11529
"Inezgane","Hay Ennour",8730,9522
"Inezgane","Jorf",-,-
"Inezgane","Reml",8493,7824
"Inezgane","Taghzout",9127,6761
"Inezgane","Tarasste",8293,-
"Kénitra","Al Amal",5244,-
"Kénitra","Al Hadika",-,-
"Kénitra","Al Houzia",6411,7256
"Kénitra","Al Inara",5288,6949
"Kénitra","Al Wafa",5248,6803
"Kénitra","Assaknia",5165,-
"Kénitra","Assam",4675,2138
"Kénitra","Bab Fes",5478,11255
"Kénitra","Bir Rami",5152,-
"Kénitra","Bir Rami Est",5642,6548
"Kénitra","Bir Rami Ouest",-,5007
"Kénitra","El Mellah",5635,2721
"Kénitra","Fouarat",4918,5085
"Kénitra","Haddada",6442,7136
"Kénitra","Ismailia",5847,7668
"Kénitra","Khabbazat",6665,9737
"Kénitra","La Base Militaire Kenitra",6300,-
"Kénitra","La Cigogne",7367,-
"Kénitra","La Cite",4906,5792
"Kénitra","La Ville Haute",7167,10150
"Kénitra","Maamora",6057,7027
"Kénitra","Maghreb Al Arabi",5755,5625
"Kénitra","Marja",5767,-
"Kénitra","Mimosas",6566,9604
"Kénitra","Nahda",2496,-
"Kénitra","Nkhakhsa",4930,-
"Kénitra","Ouled Arfa",5321,-
"Kénitra","Ouled Berjal Extension",4903,-
"Kénitra","Ouled Oujih",5423,4857
"Kénitra","Residence Du Golf",3864,5836
"Kénitra","Safaa",5240,12957
"Kénitra","Sayad",6549,5722
"Kénitra","Tiddas",5883,5667
"Kénitra","Zone Industrielle",4548,2459
"Khémisset","Dior Lhomr",-,-
"Khémisset","Douar Chikh",3092,-
"Khémisset","Hay Al Hanaa",4752,2375
"Khémisset","Hay Boukham",5336,-
"Khémisset","Hay Chaabi",4477,-
"Khémisset","Hay El Ikhae",-,-
"Khémisset","Hay El Majd",-,-
"Khémisset","Hay Essalam",4744,4870
"Khémisset","Hay Ezzahra",4619,-
"Khémisset","Hay Hakamate",5651,-
"Khémisset","Hay Halima",-,-
"Khémisset","Hay L'Erac",4630,-
"Khémisset","Hay Lalla Mimouna",5213,-
"Khémisset","Hay Maamoura",3910,-
"Khémisset","Hay Mouloud Akka",4015,-
"Khémisset","Hay Rttaha",5065,-
"Khémisset","Hay Sahrawa",-,-
"Khémisset","Hay Salam",-,-
"Khémisset","Hay Sarghini",4403,-
"Khémisset","Hay Sidi Ghrib",5794,-
"Khémisset","Hay Sqaya",-,-
"Khémisset","Hay Taddarte",3787,4533
"Khémisset","Lotissement Ait Mzal",4936,-
"Khémisset","Lotissement Belmiloudi",5800,4918
"Khémisset","Lotissement Jnane Zemmour",3665,-
"Khémisset","Lotissement Monssour",5131,4866
"Khémisset","Oued El Firat",4725,4876
"Khémisset","Route De Khemisset",-,-
"Khémisset","Yasmine",4045,5116
"Khémisset","Zone Industrielle",5670,-
"Khénifra","Ait Khassa",-,-
"Khénifra","Amlou Igheriben",3105,-
"Khénifra","El Massalah",-,-
"Khénifra","El Oumrane",4987,-
"Khénifra","Hay Al Filahi",4027,-
"Khénifra","Hay Al Kourss",3342,-
"Khénifra","Hay Al Massira",-,-
"Khénifra","Hay Assaka",-,-
"Khénifra","Hay Assalam",3065,-
"Khénifra","Hay Dbagha",-,-
"Khénifra","Hay El Fath",2750,-
"Khénifra","Hay Fayza",6476,3032
"Khénifra","Hay Hamriya",3715,-
"Khénifra","Hay La Scierie",4382,6186
"Khénifra","Hay Mabrouka",4870,-
"Khénifra","Hay Najd",-,8498
"Khénifra","Hay Nassim",5128,-
"Khénifra","Hay Oum Errabia",3805,-
"Khénifra","Hay Pam",-,-
"Khénifra","Hay Rahma",4428,-
"Khénifra","Hay Tealaouiyen",2995,-
"Khénifra","Lotissement El Ferdaouss",-,-
"Khénifra","Metchifsane",-,-
"Khénifra","Tamoumnt",-,5708
"Khouribga","Ancienne Medina",8879,-
"Khouribga","Derb Khamiss",6080,-
"Khouribga","Des Oranges",5804,3127
"Khouribga","El Massira",5407,7950
"Khouribga","Hanaa",14579,4524
"Khouribga","Hanaa",24481,-
"Khouribga","Hay Al Qods",4950,-
"Khouribga","Hay Chawki",5017,-
"Khouribga","Hay Dakhela",6420,4697
"Khouribga","Hay El Fath",5179,3379
"Khouribga","Hay Essalam",6140,-
"Khouribga","Hay Faraj",4817,3747
"Khouribga","Hay Iqbal",6067,2469
"Khouribga","Hay Mabchour",5452,-
"Khouribga","Hay Ryad",4792,3281
"Khouribga","Hay Takaddoum",4795,-
"Khouribga","Hay Yassmina",5640,4520
"Khouribga","Hay Zaytouna",4405,3670
"Khouribga","L'Erac",5475,-
"Khouribga","Labyoute",5752,-
"Khouribga","Lotissement Jar El Kheir",6949,3916
"Khouribga","Mine Verte",-,-
"Khouribga","Sbatta",5363,-
"Khouribga","Village Ocp",5059,1987
"Laâyoune","Aire Industrielle",-,-
"Laâyoune","Al Aaouda",-,-
"Laâyoune","Al Amal",-,-
"Laâyoune","Al Mostakbal",-,-
"Laâyoune","Al Qassam",4750,-
"Laâyoune","Al Qods",4151,-
"Laâyoune","Al Wahda",-,-
"Laâyoune","Al Wahda Bloc D",-,-
"Laâyoune","Al Wifaq",-,-
"Laâyoune","Arraha",-,-
"Laâyoune","Bd Al Hizam Al Kabir",5374,-
"Laâyoune","Diridak",4874,-
"Laâyoune","Hay Al Matar",4621,-
"Laâyoune","Laayoune Hassan I International Airport",-,-
"Laâyoune","Moulay Rachid",4621,8781
"Laâyoune","Sidi Buya",-,-
"Larache","Ancienne Medina",5467,-
"Larache","Centre Ville",5946,-
"Larache","Douar Ain Chouk",-,-
"Larache","Douar Rekkada",-,-
"Larache","Dyour El Haouata",5249,-
"Larache","Foret Olympiqua",-,-
"Larache","Ghadira",-,-
"Larache","Hay Al Manar",4310,-
"Larache","Hay Assalam",3409,-
"Larache","Hay El Jadid",5515,-
"Larache","Hay Nejma",5256,-
"Larache","La Ferme Hcika",-,-
"Larache","Lixus",-,39466
"Larache","Lotissement Al Oumrane",-,-
"Larache","Lotissement Chaabane",5103,6356
"Larache","Lotissement Ocean",2895,8742
"Larache","Rhamna",5613,6962
"Larache","Zone Industrielle Du Port",-,-
"Larache","Zone Industrielle M'Laleh",6071,-
"M'Diq","Bouzaghlal",8007,-
"M'Diq","El Mhannach",9090,24523
"M'Diq","Hay Ain Choufo",7753,9284
"M'Diq","Marina Smir",14614,13419
"M'Diq","Marina Smir Extension",5099,-
"M'Diq","Port De M'Diq",13580,8735
"M'Diq","Restinga",16534,17526
"Marrakech","Mabrouka",6684,7764
"Marrakech","Abouab Mhamid",5467,3527
"Marrakech","Aeroport Menara",-,-
"Marrakech","Agdal",16325,9021
"Marrakech","Ain Iti",8521,8353
"Marrakech","Ain Jdida",-,-
"Marrakech","Al Maaden - Ain Slim",5648,6952
"Marrakech","Alal El Fassi",10595,6664
"Marrakech","Amerchich",10795,8320
"Marrakech","Ancienne Medina - Assouel",11007,18078
"Marrakech","Ancienne Medina - Avenue Hommane Al Fatouaki",8094,-
"Marrakech","Ancienne Medina - Bab Aylan",9928,-
"Marrakech","Ancienne Medina - Bab Debbagh",-,20260
"Marrakech","Ancienne Medina - Bab Ghmat",5976,6276
"Marrakech","Ancienne Medina - Bab Taghazout",8027,-
"Marrakech","Ancienne Medina - Ben Chegra",6351,-
"Marrakech","Ancienne Medina - Ben Salah",5999,-
"Marrakech","Ancienne Medina - Ben Youssef",-,-
"Marrakech","Ancienne Medina - Boukar",10236,11263
"Marrakech","Ancienne Medina - Dar El Bacha",20078,10872
"Marrakech","Ancienne Medina - Derb Al Kadi",5365,-
"Marrakech","Ancienne Medina - Derb Dabachi",-,-
"Marrakech","Ancienne Medina - El Hara",13748,12442
"Marrakech","Ancienne Medina - El Moukef",6590,-
"Marrakech","Ancienne Medina - Kaat Benahid",-,10434
"Marrakech","Ancienne Medina - Kennaria",-,-
"Marrakech","Ancienne Medina - Laksour",8735,-
"Marrakech","Ancienne Medina - Palais De La Bahia",7193,-
"Marrakech","Ancienne Medina - Place Jemaa El Fna",8298,7316
"Marrakech","Ancienne Medina - Rahba Kedima",6752,22227
"Marrakech","Ancienne Medina - Riad Laarouss",12375,-
"Marrakech","Ancienne Medina - Riad Zitoun El Kdim",6343,-
"Marrakech","Ancienne Medina - Zaouia El Abassia",-,-
"Marrakech","Ancienne Medina - Zaouia Sidi Rhalem",6261,-
"Marrakech","Arset Lamaach",8733,-
"Marrakech","Assif",8986,8237
"Marrakech","Azzouzia",5422,7139
"Marrakech","Bab Doukkala",3697,-
"Marrakech","Bab Ighli",10301,8423
"Marrakech","Berrima",20920,-
"Marrakech","Bin Lkchali",9487,19356
"Marrakech","Bouaakaz",5989,10955
"Marrakech","Boulvard Moulay Abdellah - Route De Safi",9813,6264
"Marrakech","Boulvard Oued Issil",-,-
"Marrakech","Camps El Ghoul - Victor Hugo",12065,12692
"Marrakech","Chwiter",4333,5182
"Marrakech","Daoudiat",10055,8232
"Marrakech","Diour Al Atlas",5759,-
"Marrakech","Douar Al Kortas - Noha",-,-
"Marrakech","Douar Chouhada",11149,-
"Marrakech","Douar Iziki",6509,5257
"Marrakech","Douar Laaskar",6100,8729
"Marrakech","El Fadel",6611,-
"Marrakech","Essaada",6594,-
"Marrakech","Gueliz",13758,14588
"Marrakech","Hay Al Massar",5891,-
"Marrakech","Hay Azli",6510,-
"Marrakech","Hay Charaf",6762,10630
"Marrakech","Hay El Bahja",8493,9278
"Marrakech","Hay Hassani",6887,4181
"Marrakech","Hay Inara",9687,3712
"Marrakech","Hay Menara",7582,7341
"Marrakech","Hay Nahda",7114,30245
"Marrakech","Hay Zitoun",6179,-
"Marrakech","Hivernage",14665,16919
"Marrakech","Issil",10142,5769
"Marrakech","Izdihar",8580,10402
"Marrakech","Jardin De La Koutoubia",15546,14024
"Marrakech","Jawhar",5916,6195
"Marrakech","Jenan El Ghali",10502,-
"Marrakech","Jnan Aourad",9612,10628
"Marrakech","Kasbah",7131,8672
"Marrakech","Koudiat Laabid",6943,7422
"Marrakech","La Ferraille",-,3317
"Marrakech","Lakssour",10247,9090
"Marrakech","Les Portes D'El Aazouzia - Targa",-,-
"Marrakech","Lotissement Arafat",6567,5810
"Marrakech","Lotissement Cherifia",5931,7337
"Marrakech","Lotissement Les Palmiers",5325,9221
"Marrakech","M'Hamid",5771,6365
"Marrakech","Massira",16811,6338
"Marrakech","Massira",25672,5775
"Marrakech","Massira",35921,7223
"Marrakech","Mellah",8389,-
"Marrakech","Palmeraie",13449,6166
"Marrakech","Palmeraie Extension",11935,6038
"Marrakech","Portes De Marrakech Addoha",5775,6242
"Marrakech","Prestigia",18842,12277
"Marrakech","Riad Essalam",8509,8387
"Marrakech","Rouidate - Majorelle",9485,9178
"Marrakech","Route D'Amizmiz",11805,-
"Marrakech","Route D'Amizmiz - Cherifia",6047,4070
"Marrakech","Route D'Amizmiz - Douar Laataouna",-,7706
"Marrakech","Route D'Amizmiz - Douar Soultan",5026,8345
"Marrakech","Route De Casablanca",-,4724
"Marrakech","Route De Fes",10868,10321
"Marrakech","Route De Fes - Atlas - Amelkis",9611,7170
"Marrakech","Route De Fes - Douar Tamasna",8475,5517
"Marrakech","Route De Fes - Oulad Jelal",7498,5163
"Marrakech","Route De L'Ourika - Aqua Fun",-,-
"Marrakech","Route De L'Ourika - Canal Zaraba",11155,-
"Marrakech","Route De L'Ourika - Douar Bouazza",7125,34457
"Marrakech","Route De L'Ourika - Douar Tounsi",-,5350
"Marrakech","Route De L'Ourika - Douar Zemrane",-,-
"Marrakech","Route De L'Ourika - Plage Rouge",4190,24212
"Marrakech","Route De L'Ourika - Waky",6012,7158
"Marrakech","Route De L'Ourika (Agdal)",12107,6381
"Marrakech","Route De L'Ourika (Sidi Abdellah Ghiat)",11155,3084
"Marrakech","Route De L'Ourika (Tassoultante)",6847,6088
"Marrakech","Route De Ouarzazate - Douar Ait Lahmad",4904,7824
"Marrakech","Route De Ouarzazate - Douar El Guern",9291,6675
"Marrakech","Route De Ouarzazate - Douar Laadem",20549,6903
"Marrakech","Route De Ouarzazate - Gzoula Sidi Mbarek",7649,7839
"Marrakech","Route De Tahanaout - Cherifia",5312,9569
"Marrakech","3 672 DH 6 807 DH S.Y.B.A",6175,10875
"Marrakech","Saada-Tissir",6222,5920
"Marrakech","Sanaoubar",8064,10551
"Marrakech","Semlalia",11029,10058
"Marrakech","Sidi Abbad",8655,7938
"Marrakech","Sidi Abdellah Ghiat",9221,3382
"Marrakech","Sidi Mimoun",6575,15222
"Marrakech","Socoma - Lotissement Wilaya De La Region",6413,12000
"Marrakech","Sofia Targa",9881,6616
"Marrakech","Targa",9909,7999
"Marrakech","Zohor Targa - Zephyr",6330,6507
"Martil","Hay Ahrik",6238,-
"Martil","Hay Al Aghrass",5390,5670
"Martil","Hay Andalous",6093,-
"Martil","Hay Diza",6073,13875
"Martil","Hay Oued Elmaleh",6332,6903
"Martil","Lotissement Oum Kaltoum",6139,11753
"Martil","Miramar",8780,-
"Médiouna","Douar Haymoud",5178,-
"Médiouna","Douar Lhaffari",6053,-
"Médiouna","Douar Wlad Bouaziz",3995,-
"Médiouna","Lahraouyine",-,-
"Médiouna","Lahraouyine Extension",5912,-
"Médiouna","Lotissement Al Wafaa",4525,-
"Médiouna","Mediouna",5507,4403
"Médiouna","Merchich",12711,-
"Médiouna","Nouvelle Lahraouyine",5666,-
"Médiouna","Riad Essalam",5805,-
"Médiouna","Riyad (Tit Mellil)",4278,-
"Médiouna","Sidi Hajjaj Oued Hassar",12455,1577
"Médiouna","Tit Mellil",6357,5686
"Médiouna","Tit Mellil (Sidi Hajjaj Oued Hassar)",6193,3735
"Médiouna","Tit Mellil Extension",6747,-
"Mehdya","Kasbat El Mehdia",4951,6442
"Mehdya","Sidi Boughaba",9249,4311
"Meknès","Ancienne Medina",5263,-
"Meknès","Ben Mohammed",4552,-
"Meknès","Boustane Ouislane",3955,5594
"Meknès","Cite Imperiale",4419,-
"Meknès","City Santrime",-,-
"Meknès","Douar Nzala",-,-
"Meknès","El Bassatine",4926,4419
"Meknès","El Mechouar Stinia",3075,8383
"Meknès","El Menzeh",6048,6313
"Meknès","Hamria",6503,8047
"Meknès","Hay Ain Maaza",6920,5166
"Meknès","Hay El Qods",4583,-
"Meknès","Hay Elamal",4449,-
"Meknès","Hay Essada",4282,-
"Meknès","Hay Essalam",5231,7282
"Meknès","Hay Hassan Ibn Noamane",5419,6300
"Meknès","Hay Oujah Arous",3939,-
"Meknès","Hay Salam Ouislane",4679,-
"Meknès","Hay Sidi Baba",4465,4752
"Meknès","Hay Soria",4408,6882
"Meknès","Hay Toulal",4562,6724
"Meknès","Hay Zerhounia",4361,-
"Meknès","Karian Saidia",6055,5209
"Meknès","Kasbat",4900,-
"Meknès","La Ferraille Esaada",5020,7028
"Meknès","Marjane",5189,7360
"Meknès","Mellah",4265,-
"Meknès","Naim",4963,5561
"Meknès","Plaisance",3719,2819
"Meknès","Riad Ouislane",4006,6535
"Meknès","Ryad",4807,7670
"Meknès","Sbata",4896,-
"Meknès","Sidi Amar Hassini",9755,-
"Meknès","Sidi Amar Hassini Extension",-,-
"Meknès","Sidi Bouzekri",4284,-
"Meknès","Wifaq",4405,-
"Meknès","Yasmine",4265,2894
"Meknès","Zahwa",5088,6523
"Meknès","Zitoune",5076,-
"Mohammédia","Bd De Mohammed Vi",14103,-
"Mohammédia","Centre Ville",13254,6227
"Mohammédia","Derb Merrakech",6563,-
"Mohammédia","Diour Dokala",12418,2264
"Mohammédia","El Bradaa",7352,-
"Mohammédia","Ennasser",8933,-
"Mohammédia","Hassania",7820,6247
"Mohammédia","Hay Al Amal",9787,3521
"Mohammédia","Hay Al Wafae",13396,5471
"Mohammédia","Hay Al Wahda",9272,-
"Mohammédia","Hay Chabab",9050,9761
"Mohammédia","Hay Mesk Lil",9205,4639
"Mohammédia","Hay Moumen",8439,-
"Mohammédia","Hay Saada",4746,-
"Mohammédia","Hay Salam",9435,-
"Mohammédia","Houria",7509,-
"Mohammédia","Kasba",10761,-
"Mohammédia","L'Habitat",6819,-
"Mohammédia","La Colline",9041,5112
"Mohammédia","La Seista",12698,6519
"Mohammédia","Monica",11888,5600
"Mohammédia","Nassim",7306,-
"Mohammédia","Port",13331,4536
"Mohammédia","Rachidia",8346,-
"Mohammédia","Riad Essalam",8162,4656
"Mohammédia","Rte Des Facultes",11944,-
"Mohammédia","Zone Industrielle",10035,-
"Nador","Al Madina Al Jadida",10760,7959
"Nador","Bouarouhou",6144,10225
"Nador","Bouyzazan",4382,-
"Nador","Douar Akhandouk",-,-
"Nador","Essada",5946,-
"Nador","Hay Aarid",5391,4225
"Nador","Hay Al Boustane",6469,-
"Nador","Hay Al Ikhelass",5910,-
"Nador","Hay Al Matar",6629,-
"Nador","Hay Chaala",6281,12811
"Nador","Hay Kinidi",7173,-
"Nador","Hay Madani",6664,-
"Nador","Hay Oulad Ibrahim",6091,-
"Nador","Hay Touima",7189,-
"Nador","Issabbanan",4739,-
"Nador","Oulad Botaib",4876,-
"Nador","Oulad Botaib Extension",5642,-
"Nador","Oulad Lahssan",5839,-
"Nador","Oulad Mimoun",5612,-
"Nador","Regolariss",-,-
"Nador","Saquia",5994,-
"Nador","Terkaa Charkiya",15477,-
"Nouaceur","Ben Abid Extension",11213,-
"Nouaceur","Douar Bouhala",6929,8509
"Nouaceur","Fadaat Al Mouhit",6562,6632
"Nouaceur","Laabissa",8925,7127
"Nouaceur","Nouaceur",5797,3795
"Nouaceur","Ouled Ameur",6457,7922
"Nouaceur","Ouled Azzouz (Ain Jemaa)",12202,10262
"Nouaceur","Ouled Azzouz (Bir El Houssain)",12972,10035
"Nouaceur","Ouled Azzouz (Bir El Yamen)",10634,13780
"Nouaceur","Ouled Hebik",10294,6835
"Nouaceur","Saleh",4415,3208
"Nouaceur","Zone Industrielle Ouled Azzouz",6122,15247
"Ouarzazate","Atlas",-,5483
"Ouarzazate","Caserne Militaire Al Qods",7858,2172
"Ouarzazate","Cite Des Cadres",-,-
"Ouarzazate","Hay Ait Gdif",5323,-
"Ouarzazate","Hay Al Hassania",4874,3829
"Ouarzazate","Hay Al Qods",-,-
"Ouarzazate","Hay Castour",-,-
"Ouarzazate","Hay Daoud",4008,-
"Ouarzazate","Hay El Wahda",6081,5807
"Ouarzazate","Hay Fedragoum",-,-
"Ouarzazate","Hay Isfoutalil",-,-
"Ouarzazate","Hay Mansour Dahbi",-,-
"Ouarzazate","Hay Massira",5259,-
"Ouarzazate","Hay Mohammadi",-,-
"Ouarzazate","Hay Moulay Rachid",4509,-
"Ouarzazate","Kasbah Taourirt",-,2257
"Ouarzazate","Medina",5206,5690
"Ouarzazate","Oued Dahab",5532,-
"Ouarzazate","Sidi Daoud",-,-
"Ouarzazate","Tamassinte",-,-
"Ouarzazate","Tassoumaat",-,-
"Ouarzazate","Zone Industrielle Ouarzazate",5347,-
"Oujda","Ancienne Medina",6205,17723
"Oujda","Centre Ville",6014,9026
"Oujda","Cgi",-,-
"Oujda","Chaimae Al Zayn",4583,-
"Oujda","Derb Ambasso",5240,-
"Oujda","Drb Essayh",5912,8772
"Oujda","Haj Taoufik",-,-
"Oujda","Hay Al Andalous",4199,7967
"Oujda","Hay Al Boustane",-,-
"Oujda","Hay Al Farah",4419,-
"Oujda","Hay Al Fath",4804,-
"Oujda","Hay Al Hadiqa",5378,-
"Oujda","Hay Al Massira",5043,8332
"Oujda","Hay Al Miloud",6176,-
"Oujda","Hay Assalam",5065,6134
"Oujda","Hay Ben Kirane",9890,-
"Oujda","Hay Boudir",5408,4276
"Oujda","Hay Charbon",5602,-
"Oujda","Hay El Qods",6246,8134
"Oujda","Hay Ennasr",3820,-
"Oujda","Hay Ghar Al Baroud",-,-
"Oujda","Hay Gtar",4302,-
"Oujda","Hay Hassani Berkani",-,-
"Oujda","Hay Maghreb Al Arabi",9113,-
"Oujda","Hay Rjah Fi Allah",5678,-
"Oujda","Hay Samara",-,-
"Oujda","Hay Skiker",-,-
"Oujda","Hay Takadoum",4907,7552
"Oujda","Hay Tennis",6207,-
"Oujda","Iris",5324,7613
"Oujda","Jawhara",4852,5910
"Oujda","Jorf Lakhdar",-,-
"Oujda","Lazaret",5468,-
"Oujda","Nahda",4244,6112
"Oujda","Nour",4912,2350
"Oujda","Riad Isly",-,4529
"Oujda","Sidi Yahya",4158,4321
"Oujda","Village Koulouch",6512,-
"Oujda","Village Si Lakhder",4542,-
"Oujda","Village Touba",5452,-
"Oujda","Village Zerarka",2619,-
"Oujda","Zitoune",4875,-
"Oujda","Zone Industrielle Oujda",-,-
"Rabat","Akkari",8926,3469
"Rabat","Akrach",-,3712
"Rabat","Al Irfane",14662,-
"Rabat","Al Kamra",5468,-
"Rabat","Al Kouass",9722,-
"Rabat","Aviation-Mabella",10169,5238
"Rabat","Bas Agdal",13134,6628
"Rabat","Bir Kacem",11248,4412
"Rabat","Bouitate",7042,-
"Rabat","Centre Ville Rabat",10827,13982
"Rabat","Cheikh Zaid",-,1425
"Rabat","Cite Militaire",32547,5260
"Rabat","Complexe Sportif",-,2674
"Rabat","Corniche De Rabat",13844,-
"Rabat","Dar Essalam",21007,4506
"Rabat","Dar Essalam (Extension)",-,7042
"Rabat","Diour Jamaa",10368,11099
"Rabat","Douar Doum Rabat",-,2965
"Rabat","Douar Lhaja Rabat",17735,-
"Rabat","El Youssoufia",10153,4271
"Rabat","Guich Oudaya",11574,10161
"Rabat","Hassan",12943,7034
"Rabat","Haut Agdal",16075,9895
"Rabat","Hay Ach-Chbanat",13241,10221
"Rabat","Hay Al Amal",8764,18802
"Rabat","Hay Al Barid",-,-
"Rabat","Hay Al Fath",8469,7018
"Rabat","Hay Al Kora",8515,-
"Rabat","Hay Al Massira",8928,-
"Rabat","Hay Al Rajaa Fillah",9818,-
"Rabat","Hay Bouhlal",10872,9465
"Rabat","Hay Chabab",6875,-
"Rabat","Hay El Menzah",9039,12517
"Rabat","Hay Farah Rabat",-,-
"Rabat","Hay Nahda",10292,7259
"Rabat","Hay Sinaai",7429,-
"Rabat","Hay Sinaai Rabat",-,-
"Rabat","Hay Tayaran Rabat",10725,5485
"Rabat","Jenan Ennahda",7379,-
"Rabat","Kebibat",9495,12535
"Rabat","L'Ocean",11111,6963
"Rabat","Les Oudayas",2894,-
"Rabat","Medina",10837,12123
"Rabat","Menzah Rabat",16039,5153
"Rabat","Michouar",-,-
"Rabat","Residence Al Mansour",10001,-
"Rabat","Residence Assabah",10404,-
"Rabat","Riyad",15282,7375
"Rabat","Riyad Extension",16256,8342
"Rabat","Souissi",18301,5999
"Rabat","Takadoum",7840,4087
"Rabat","Touarga",-,-
"Safi","Amouni",2745,-
"Safi","Annahda",4656,5433
"Safi","Assalam",5242,-
"Safi","Azib Drai",4774,4031
"Safi","Bouizate",-,-
"Safi","Chankit",4427,5482
"Safi","Cooperative 3 Mars",4791,4571
"Safi","Course",4635,-
"Safi","Douar Rouamcha",6216,-
"Safi","Douar Si Abass",-,-
"Safi","El Massira",4515,-
"Safi","Errahma",5590,6752
"Safi","Essaada",5487,8648
"Safi","Haj Abderrahman",-,-
"Safi","Hay Anas",5564,9372
"Safi","Hay Bouresas",-,-
"Safi","Hay Libiar",5007,-
"Safi","Hay Ourida",4512,-
"Safi","Hay Rimal",-,-
"Safi","Hay Riyad",5143,-
"Safi","Hay Saida",4647,-
"Safi","Ijnnane",3852,-
"Safi","Jerifat",5874,8325
"Safi","Kaouki",3370,21719
"Safi","Kariat Chems",4467,6797
"Safi","Kayjoty",-,-
"Safi","Laarisa",4257,-
"Safi","Lamia",4649,6623
"Safi","Lkliaa",6535,-
"Safi","Lotissement El Hanaa",3691,-
"Safi","Lotissement Marjane",4519,-
"Safi","Meftah Arraha",4710,7315
"Safi","Mestari",7158,-
"Safi","Miftah El Kheir",5033,4034
"Safi","Nouvelle Ville",6181,6319
"Safi","Oued Rabeh",4983,-
"Safi","Port De Safi",-,-
"Safi","Rhat Rih",5180,3844
"Safi","Sania Zine El Abidine",4225,-
"Safi","Sidi Abdelkarim",3974,-
"Safi","Sidi Abderahman",-,9095
"Safi","Sidi Bouzid",4128,4380
"Safi","Sidi Ghouzia",-,-
"Safi","Takabourt",-,-
"Safi","Zaouiya Sidi Wassel",3025,-
"Salé","Ain Sidi M'Achou",7578,-
"Salé","Ameur",7495,-
"Salé","Bab Al Bahr",19811,-
"Salé","Bab Lemrissa",10275,7463
"Salé","Bettana",8542,9245
"Salé","Bouknadel",10092,7812
"Salé","Bouknadel (Ameur)",6087,-
"Salé","Bouregrag",-,-
"Salé","Cherkaoui - Marzouka",7444,11153
"Salé","Dar El Lhamra",7336,-
"Salé","El Qaria",8872,6306
"Salé","Foret Ain Houala",-,-
"Salé","Hay Alqods",6271,-
"Salé","Hay Andalous",7220,-
"Salé","Hay Cheikh Mfadel",-,-
"Salé","Hay Chmaou",7878,8347
"Salé","Hay El Fakih Erradi",-,10397
"Salé","Hay Inbiat",8496,10397
"Salé","Hay Karima",7710,-
"Salé","Hay Mabrouka",5135,-
"Salé","Hay Moulay Ismail",7692,-
"Salé","Hay Rahma",6099,-
"Salé","Hay Rmal",6350,11877
"Salé","Hay Safae",8370,-
"Salé","Hay Salam",8248,10044
"Salé","Hofrat Lakwas",6893,-
"Salé","Hssain",9085,6019
"Salé","Layayda",6871,5972
"Salé","Marina",-,-
"Salé","Medina",6420,-
"Salé","Mkinssia",10781,-
"Salé","Oulja",11194,-
"Salé","Ounek Jmel",-,4441
"Salé","Pepiniere",7568,-
"Salé","Roustal",7764,-
"Salé","Said Hajji",7680,13211
"Salé","Sala El Jadida",8159,9542
"Salé","Sehb El Qaid",6920,-
"Salé","Sidi Moussa",6618,-
"Salé","Tabriquet",8444,16383
"Salé","Technopolis",-,-
"Salé","Tiliwin",10648,3566
"Salé","Zarbia",-,-
"Salé","Zone Industrielle",10277,-
"Salé","Zone Industrielle Hay Arrahma",6712,-
"Sefrou","Bouderham1",4231,-
"Sefrou","Bouderham2",3749,-
"Sefrou","Foret De Rfayef",-,-
"Sefrou","Hay Ben Seffar",4135,3090
"Sefrou","Hay Habbouna",4447,3664
"Sefrou","Hay Kasbah",5483,-
"Sefrou","Hay Mhirez",4183,10907
"Sefrou","Hay Rachad",3811,5718
"Sefrou","Hay Riyad Sidi Boumdine",4725,17442
"Sefrou","Lotissement El Menzah",3795,-
"Sefrou","Lotissement Lalla Moulaty",4409,-
"Sefrou","Massay",3888,2755
"Sefrou","Rfayef",4235,-
"Sefrou","Route De Fes",4308,-
"Sefrou","Setti Massaouda",4228,-
"Sefrou","Sidi Ahmed Tadli",4258,-
"Sefrou","Sidi Ali Bousserghine",-,-
"Sefrou","Slawi",4862,-
"Settat","Cite Universitaire",-,-
"Settat","Douar Des Skouriyines",-,-
"Settat","Douar Ouled Lhajja",-,-
"Settat","El Kheir",4424,-
"Settat","Hay Al Farah",4626,3057
"Settat","Hay Alouane",5115,3339
"Settat","Hay El Kamal",6121,3694
"Settat","Hay El Nahda",4261,-
"Settat","Hay Hassani",17518,2220
"Settat","Hay Kassam",4528,-
"Settat","Hay Kiliz",4866,2220
"Settat","Hay Mabrouka",5263,4074
"Settat","Hay Mania",4677,-
"Settat","Hay Mimouna",4335,-
"Settat","Hay Qotee Sheikh",18114,-
"Settat","Hay Salam",9375,2220
"Settat","Hay Sidi Abdelkarim",3545,-
"Settat","Les Abattoires",4185,-
"Settat","Les Jardins",15629,-
"Settat","Lotissement El Omran",-,-
"Settat","Lotissement El Wafa",4476,-
"Settat","Miftah El Kheir",4390,2328
"Settat","Smaala",6068,3359
"Settat","Tanmiya",-,3679
"Settat","Widadiyat El Irfane",17340,2220
"Settat","Zone Industrielle De Settat",4399,-
"Sidi Rahal","Hay Charaf",6077,1912
"Sidi Rahal","Hay Nassim",5599,-
"Sidi Rahal","Hay Tanmia",-,1912
"Sidi Rahal","Hay Wydad",5489,-
"Sidi Rahal","Hayt Sghir",-,1912
"Sidi Rahal","Hwawra",5316,3893
"Sidi Rahal","Lehouaoura",25760,3982
"Sidi Rahal","Passadena Village",9764,8164
"Sidi Rahal","Plage De Sidi Rahal",-,1915
"Skhirate","Ain Laatris",7413,-
"Skhirate","Ain Rouz",5897,-
"Skhirate","Al Bassatine",5225,48579
"Skhirate","Annour",6229,-
"Skhirate","Douar Chihna",9769,-
"Skhirate","Douar Lghouazi",6080,-
"Skhirate","Douar Lhjar",-,-
"Skhirate","Douar Mhajir",-,-
"Skhirate","El Fath",5035,-
"Skhirate","Hay Imarat",7455,6850
"Skhirate","Ilos De Skhirate",7754,-
"Skhirate","Jawharat Skhirate",5938,-
"Skhirate","Lotissement Boueiba",7488,-
"Skhirate","Oniva",6117,-
"Skhirate","Palais Royal",-,9104
"Skhirate","Plage De Skhirate",13937,9902
"Skhirate","Rose Maree",10321,6522
"Skhirate","Ryad Skhirate",5608,-
"Skhirate","Zone Industrielle",4288,3243
"Soualem","Douar Joualla Sahel",-,-
"Soualem","Had Soualem (Ain Zahra)",6313,-
"Soualem","Had Soualem (Ben Abid)",11733,3540
"Soualem","Had Soualem (Douar Gounifid)",6727,-
"Soualem","Had Soualem (Oulad Abass)",4567,6731
"Soualem","Hay El Menzeh",7467,-
"Soualem","Hay Ezzahra",4710,4414
"Soualem","Hay Massira",4661,4739
"Soualem","Hay Raja",4565,-
"Soualem","Jardins Sahel",4912,-
"Soualem","Kouzahiyat",-,-
"Soualem","Lotissement Al Fadl",4586,-
"Soualem","Lotissement Al Itkane",4266,-
"Soualem","Lotissement Al Wahda",5203,5106
"Soualem","Lotissement Alia",4081,4049
"Soualem","Lotissement Belle Vue",5200,-
"Soualem","Lotissement La Cedre",3194,3207
"Soualem","Lotissement Malak Sahel",4024,-
"Soualem","Lotissement Souk Lakdim",4255,-
"Soualem","Nouvelle Zone Industrielle",4429,-
"Soualem","Riyad Sahel",5174,5517
"Soualem","Sahel Ouled Harriz",4527,-
"Soualem","Zone Industrielle Had Soualem",-,-
"Taghazout-Aourir","Aserkit",13231,4924
"Taghazout-Aourir","Bikhribichin",11693,-
"Taghazout-Aourir","Douar Lala Aicha Kerchiya",-,-
"Taghazout-Aourir","Igrou Folous",-,-
"Taghazout-Aourir","Taghazout",22210,12453
"Taghazout-Aourir","Taghazout Bay",21556,10702
"Taghazout-Aourir","Tamaraght",12652,20228
"Taghazout-Aourir","Tamawazna",-,-
"Taghazout-Aourir","Tefrat",-,-
"Taghazout-Aourir","Tihaouarine",4896,-
"Taghazout-Aourir","Toughza",6035,-
"Taghazout-Aourir","Zaouiya",-,-
"Taghazout-Aourir","Zenagui",9146,-
"Tahannaout","Centre Ville",-,3355
"Tahannaout","Douar El Bared",-,-
"Tahannaout","Drioua",-,3625
"Tahannaout","El Makasim",-,-
"Tahannaout","Hay Sidi Mohamed Oufares",-,3355
"Tahannaout","Le Jardin Des Roses",-,-
"Tahannaout","Lotissement Al Waheda",-,3625
"Tahannaout","Lotissement Fadl El Kheir",-,-
"Tahannaout","Tideft",-,-
"Tahannaout","Zit Al Oulja",-,-
"Tanger","Achakkar",10320,12332
"Tanger","Aeroport Tanger Ibn Batouta",8242,-
"Tanger","Ahammar",7678,10164
"Tanger","Ahlan",6977,44374
"Tanger","Ain El Hayani",15316,13084
"Tanger","Ain Jdida",4751,-
"Tanger","Ain Maznoud",-,-
"Tanger","Ain Mechlaoua",7745,-
"Tanger","Al Amal",6364,-
"Tanger","Al Khair",7817,30126
"Tanger","Al Manar",6393,8644
"Tanger","Al Ouahda",21276,-
"Tanger","Ali Bay",7910,8741
"Tanger","Anjal",6689,-
"Tanger","Aouama Gharbia",7035,-
"Tanger","Aouama Zemouri",9239,-
"Tanger","Ard Daoulla",6247,-
"Tanger","Azib Lhaj Kaddour",7162,-
"Tanger","Badriouen",7445,9744
"Tanger","Bassatine",7720,6261
"Tanger","Beausejour",6520,-
"Tanger","Ben Dibane",7389,-
"Tanger","Beni Makada Lakdima",6597,-
"Tanger","Beni Touzine",6341,-
"Tanger","Benkirane",6980,9592
"Tanger","Bhayer",5526,-
"Tanger","Bir Aharchoun",6486,-
"Tanger","Bir Cheairi",10889,-
"Tanger","Bir Chiffa",8093,-
"Tanger","Bir Lghazi",7413,-
"Tanger","Bir Tamoune",6611,-
"Tanger","Bni Ouriaghel",7042,-
"Tanger","Bni Said",-,-
"Tanger","Boubana",11814,12202
"Tanger","Bouchta-Abdeltif",-,-
"Tanger","Boughaz",7882,-
"Tanger","Bouhout 1",-,-
"Tanger","Bouhout 2",-,-
"Tanger","Boukhalef",5532,9763
"Tanger","Boumghit",-,-
"Tanger","Bouslham",5402,-
"Tanger","Branes",17853,13149
"Tanger","Branes",27971,10692
"Tanger","Branes Kdima",11021,9744
"Tanger","California",13642,10456
"Tanger","Cap Spartel",9877,-
"Tanger","Casabarata",7878,8814
"Tanger","Castilla",8954,-
"Tanger","Charf",7730,3125
"Tanger","Chat",13256,-
"Tanger","Chejirate",7385,-
"Tanger","Chorouk",6611,-
"Tanger","Complexe Addoha Al Baraka",15357,-
"Tanger","Complexe Addoha El Ikhlass",4748,-
"Tanger","Complexe Al Moustakbal",5962,-
"Tanger","5 710 DH - D.Chriaa",-,-
"Tanger","Dar Tounssi",5739,-
"Tanger","Dchar El Aouama",-,-
"Tanger","Dehar Ahajjam",-,-
"Tanger","Dehar El Kanfoud",4776,-
"Tanger","Dehar Laghmich",-,-
"Tanger","Dradeb",10779,9778
"Tanger","El Aouda",6485,-
"Tanger","El Farah",8392,12685
"Tanger","El Hafa",8531,7461
"Tanger","El Hajriyine",9386,8215
"Tanger","El Hanae",6623,-
"Tanger","El Khair",25460,-
"Tanger","El Majd",6542,25089
"Tanger","El Mers",4915,3308
"Tanger","El Mrabet",25900,-
"Tanger","El Ouarda",7527,-
"Tanger","Ennasr",8012,-
"Tanger","Essaada",6269,17399
"Tanger","Essalam",17019,-
"Tanger","Ezzahara",6584,-
"Tanger","Fatima",6009,9094
"Tanger","Fatine",5299,-
"Tanger","Foret Mrisat",-,-
"Tanger","Foret Diplomatique",6960,-
"Tanger","Foret Rahrah",-,-
"Tanger","Ganboria",-,-
"Tanger","Golf",5973,7368
"Tanger","Gourziana",-,-
"Tanger","Gueznaia",6237,4832
"Tanger","Haddad",7955,-
"Tanger","Haj Mokhtar",-,-
"Tanger","Hamza",7594,-
"Tanger","Harrarine",6428,-
"Tanger","Hay Fatima Zohra",-,-
"Tanger","Hay Mohbakou",6676,-
"Tanger","Hay Zaoudia",6220,-
"Tanger","Hjar Lasfar",-,-
"Tanger","Hjilat",6724,-
"Tanger","Iberia",11339,33593
"Tanger","Ibn Khaldoun",6762,-
"Tanger","Ibour",6857,-
"Tanger","Idrissia",8589,11382
"Tanger","Ines-Ilalif-Sanaa",8508,-
"Tanger","Jamila",6516,-
"Tanger","Jbel Kbir",10109,7275
"Tanger","Jebila",9639,4629
"Tanger","Jirari",6500,16745
"Tanger","Khandagour",7304,10916
"Tanger","Khandeq El Ward",-,-
"Tanger","Kornich Merkala",-,-
"Tanger","Koudiat Lahcen",-,-
"Tanger","L Al Khair",35412,-
"Tanger","La Nouvelle Ville Ibn Batouta",6047,8067
"Tanger","Laaouina",7376,-
"Tanger","Laazifat",-,-
"Tanger","Lalla Chafia",7708,15697
"Tanger","Les Rosiers",7423,-
"Tanger","Lkharba",4730,8097
"Tanger","Luxus",7869,-
"Tanger","M'Sallah",10350,-
"Tanger","Maamora",9773,10343
"Tanger","Mabrouka",310792,-
"Tanger","Malabata",13046,11986
"Tanger","Marina Bay",9460,26145
"Tanger","Marshan",11708,12456
"Tanger","Masterkhouch",7580,11406
"Tanger","Medina Kdima",9698,14876
"Tanger","Mediouna",10113,6167
"Tanger","Menzah",10350,11785
"Tanger","Mers Achennad",5692,-
"Tanger","Mesnana",7127,9992
"Tanger","Mghayer",8449,6149
"Tanger","Mghogha",7063,6440
"Tanger","Mghogha Kbira",-,-
"Tanger","Mghogha Sghira",9286,-
"Tanger","Mnar",17737,-
"Tanger","Mojamaa Hassani",5963,-
"Tanger","Mozart",12276,-
"Tanger","Mrabet",18451,-
"Tanger","Mrabet Charkia",-,-
"Tanger","Mujahidine",7969,11067
"Tanger","Nzaha",11549,12012
"Tanger","Oulija",-,-
"Tanger","Plage Playa Tanger",-,-
"Tanger","Playa",14627,-
"Tanger","Playa Blanca",-,-
"Tanger","Plaza Torro",6466,7045
"Tanger","Port De Tanger Ville",-,-
"Tanger","Rahrah",6665,13935
"Tanger","Regaye",27204,-
"Tanger","Regaye",36486,-
"Tanger","Riad Assalam",6992,-
"Tanger","Rmilat",17097,9024
"Tanger","Rouida",-,4315
"Tanger","Sania",12325,11760
"Tanger","Souani",7571,7933
"Tanger","Soussi",5978,-
"Tanger","Tabiaa",-,-
"Tanger","Tanger Cite Sportive",6385,-
"Tanger","Tanja Balia",6741,10418
"Tanger","Zaidi",5963,-
"Tanger","Zemmouri",6289,-
"Tanger","Ziaten",10856,11240
"Tanger","Zone Franche De Tanger",5725,6573
"Tanger","Zone Industrielle Gzenaya",5430,5682
"Tanger","Zone Industrielle Mghogha",7380,-
"Tanger","Zone Touristique Ghandouri",18164,15908
"Tanger","Zouitina",4299,-
"Taza","Al Montazah",4545,-
"Taza","Al Qouds",4813,8153
"Taza","Asdour",4702,2945
"Taza","Bin Jradi",4980,6405
"Taza","Caserne Militaire",5263,5314
"Taza","Cite Al Mourabitine",4431,-
"Taza","Douar Ayad",4290,-
"Taza","Douar Jdid",4554,-
"Taza","Essada",4672,-
"Taza","Haute Taza",4566,-
"Taza","Hay Al Wifaq",4759,-
"Taza","Hay El Malha",4526,7590
"Taza","Hay Tennis",5294,8610
"Taza","Lotissement Boudass",4927,-
"Taza","Lotissement Ziad",4696,5718
"Taza","Zone Industrielle De Taza",5470,-
"Témara","Abbadi",7909,12372
"Témara","Academie Royale Gendarmerie",-,-
"Témara","Al Mostakbal",6725,8518
"Témara","Al Wifaq Lotissement Oum Hani",9153,-
"Témara","Annasr",5257,-
"Témara","Centre Temara",11621,9431
"Témara","Chigaa",7774,24398
"Témara","Chikh Dawi",6743,-
"Témara","Douar Oulad Ben Lmekki",-,-
"Témara","El Krouch",7653,9545
"Témara","Hay Al Alaouyin",9549,-
"Témara","Hay Al Andalous",3800,2621
"Témara","Hay Al Firdaous",7768,-
"Témara","Hay Al Ittissalat",8576,14237
"Témara","Hay Al Maghreb Al Arabi",7707,-
"Témara","Hay Al Massira Lotissement Al Andalousse",11013,7238
"Témara","Hay Al Wifaq",9925,13570
"Témara","Hay Mouha",6880,-
"Témara","Ibnou Rochd",9758,8519
"Témara","Lotissement Namssia",7804,12824
"Témara","Masrour",8402,-
"Témara","Masrour Ii",8704,8909
"Témara","Massira I",8506,6629
"Témara","Massira Iii",8474,-
"Témara","Nahda I",7211,-
"Témara","Nahda Ii",7411,-
"Témara","Oulad Mtaa",12973,15912
"Témara","Oulad Mtaa El Gharbiya",-,-
"Témara","Rif Ii",6961,-
"Témara","Skikina",7673,12902
"Tétouan","Ain Melloul",7226,13516
"Tétouan","Al Malaliyenne",8948,11040
"Tétouan","Barrio",-,-
"Tétouan","Borj",10240,-
"Tétouan","Bouanan",5788,15561
"Tétouan","Boujarah",5381,-
"Tétouan","Boussafou",6130,4761
"Tétouan","Boussafou Extension",-,-
"Tétouan","Coelma",5403,-
"Tétouan","Dar Zkeik",-,-
"Tétouan","El Ensanche",7424,11281
"Tétouan","Gherabou",6333,-
"Tétouan","Hamama",7069,4927
"Tétouan","Hay Nassim",6996,-
"Tétouan","Hjar Laaroussi",6141,-
"Tétouan","Inara",6081,13562
"Tétouan","Jamaa Mezouak",6664,-
"Tétouan","Jbel Derssa",20588,-
"Tétouan","Kariane",6604,-
"Tétouan","Kedioua",9531,-
"Tétouan","Korat Sbaa",4456,-
"Tétouan","Laouzienne",-,-
"Tétouan","Medina",7907,-
"Tétouan","Mellah",5232,26042
"Tétouan","Mhannech",6685,-
"Tétouan","Safir",7048,10771
"Tétouan","Sania Ramel Airport",6138,15989
"Tétouan","Saniat Rmel",6044,12037
"Tétouan","Semsa",20588,-
"Tétouan","Sidi Talha",6110,-
"Tétouan","Souani",6038,9706
"Tétouan","Taboula",5161,-
"Tétouan","Taffaline",3885,-
"Tétouan","Tamouda",7344,-
"Tétouan","Tekniya",6978,16005
"Tétouan","Torreta",7730,-
"Tétouan","Touabel",7993,-
"Tétouan","Touibla",6939,-
"Tétouan","Touilaa",7378,6502
"Tétouan","Wikaya",9618,-
"Tétouan","Wilaya",8757,14020
"Tétouan","Ziayana",7865,13058
"Tétouan","Zone Industrielle Martil",5590,-
"Tiznit","Ancienne Medina",5513,-
"Tiznit","Aska",5806,-
"Tiznit","El Massira",4419,7052
"Tiznit","Ennakhil",5631,-
"Tiznit","Hay Adregue",5417,-
"Tiznit","Hay Afrag",5297,4470
"Tiznit","Hay Boutini",-,-
"Tiznit","Hay Doutourga",5259,-
"Tiznit","Kharej Bab Aglou",5349,-
"Tiznit","Lotissement Hama",3928,-
"Tiznit","Lotissement Oum Al Koura",5138,5500
"Tiznit","Lotissement Reda",4472,-
"Tiznit","Nahda",4842,6703
"Tiznit","Tamdroust",-,-